date,dau,post_count,total_score,comment_count,total_reddit_activity
2025-08-30,0,0,2,1,1
2025-08-31,0,0,0,0,0
2025-09-01,0,0,0,0,0
2025-09-02,0,0,0,0,0
2025-09-03,0,0,0,0,0
2025-09-04,0,0,0,0,0
2025-09-05,0,0,0,0,0
2025-09-06,0,0,0,0,0
2025-09-07,0,0,0,0,0
2025-09-08,0,0,0,0,0
2025-09-09,0,0,0,0,0
2025-09-10,0,0,0,0,0
2025-09-11,0,0,0,0,0
2025-09-12,0,0,0,0,0
2025-09-13,0,0,0,0,0
2025-09-14,0,0,0,0,0
2025-09-15,0,0,0,0,0
2025-09-16,0,0,0,0,0
2025-09-17,0,0,0,0,0
2025-09-18,0,0,0,0,0
2025-09-19,0,0,0,0,0
2025-09-20,0,0,0,0,0
2025-09-21,9,0,0,0,0
2025-09-22,8,0,0,0,0
2025-09-23,4,0,0,0,0
2025-09-24,7,0,0,0,0
2025-09-25,8,0,0,0,0
2025-09-26,7,0,0,0,0
2025-09-27,3,0,0,0,0
2025-09-28,1,0,0,0,0
2025-09-29,12,0,0,0,0
2025-09-30,15,0,0,0,0
2025-10-01,8,0,0,0,0
2025-10-02,8,0,0,0,0
2025-10-03,13,0,0,0,0
2025-10-04,5,0,0,0,0
2025-10-05,1,0,0,0,0
2025-10-06,11,0,0,0,0
2025-10-07,14,0,0,0,0
2025-10-08,15,0,0,0,0
2025-10-09,6,0,3,2,2
2025-10-10,13,0,0,0,0
2025-10-11,4,0,0,0,0
2025-10-12,5,0,0,0,0
2025-10-13,5,0,0,0,0
2025-10-14,7,0,0,0,0
2025-10-15,6,0,0,0,0
2025-10-16,5,1,5,2,3
2025-10-17,4,0,0,0,0
2025-10-18,3,0,0,0,0
2025-10-19,9,0,0,0,0
2025-10-20,21,0,0,0,0
2025-10-21,8,1,3,0,1
2025-10-22,3,0,2,2,2
2025-10-23,9,1,6,3,4
2025-10-24,11,0,1,1,1
2025-10-25,3,2,8,1,3
2025-10-26,4,0,4,3,3
2025-10-27,5,0,0,0,0
2025-10-28,8,0,0,0,0
2025-10-29,3,2,3,0,2
2025-10-30,8,0,4,4,4
2025-10-31,4,0,0,0,0
2025-11-01,3,0,2,2,2
2025-11-02,3,0,0,0,0
2025-11-03,4,0,3,2,2
2025-11-04,9,0,0,0,0
2025-11-05,39,0,2,2,2
2025-11-06,20,1,4,1,2
2025-11-07,17,0,0,0,0
2025-11-08,11,0,0,0,0
2025-11-09,10,0,1,1,1
2025-11-10,5,0,1,1,1
2025-11-11,12,1,13,6,7
2025-11-12,7,0,0,0,0
2025-11-13,7,1,18,12,13
2025-11-14,4,0,3,3,3
2025-11-15,47,0,2,1,1
2025-11-16,23,0,1,1,1
2025-11-17,14,0,1,1,1
2025-11-18,13,1,4,0,1
2025-11-19,14,1,3,1,2
2025-11-20,14,0,3,1,1
2025-11-21,19,0,1,1,1
2025-11-22,3,0,0,0,0
2025-11-23,2,0,0,0,0
2025-11-24,9,1,4,0,1
2025-11-25,8,0,0,0,0
2025-11-26,6,0,0,0,0
2025-11-27,3,0,0,0,0
2025-11-28,1,0,0,0,0
